law,law_number,punished,punished_percent,punishment,punishment_order,punishment_text
"Статья 19.5. Невыполнение в срок законного предписания (постановления, представления, решения) органа (должностного лица), осуществляющего государственный надзор (контроль), организации, уполномоченной в соответствии с федеральными законами на осуществление государственного надзора (должностного лица), органа (должностного лица), осуществляющего муниципальный контроль",19.05,0,0.0,Административный арест или обязательные работы,5,Адм. арест<br> или обяз. работы
"Статья 19.5. Невыполнение в срок законного предписания (постановления, представления, решения) органа (должностного лица), осуществляющего государственный надзор (контроль), организации, уполномоченной в соответствии с федеральными законами на осуществление государственного надзора (должностного лица), органа (должностного лица), осуществляющего муниципальный контроль",19.05,225,0.001858336912352572,Дисквалификация или лишение спец. права,3,Дисквалификация или лишение спец. права
"Статья 19.5. Невыполнение в срок законного предписания (постановления, представления, решения) органа (должностного лица), осуществляющего государственный надзор (контроль), организации, уполномоченной в соответствии с федеральными законами на осуществление государственного надзора (должностного лица), органа (должностного лица), осуществляющего муниципальный контроль",19.05,0,0.0,Конфискация,4,Конфискация
"Статья 19.5. Невыполнение в срок законного предписания (постановления, представления, решения) органа (должностного лица), осуществляющего государственный надзор (контроль), организации, уполномоченной в соответствии с федеральными законами на осуществление государственного надзора (должностного лица), органа (должностного лица), осуществляющего муниципальный контроль",19.05,447,0.0036918959992071096,Приостановление деятельности,2,Приостановление деятельности
"Статья 19.5. Невыполнение в срок законного предписания (постановления, представления, решения) органа (должностного лица), осуществляющего государственный надзор (контроль), организации, уполномоченной в соответствии с федеральными законами на осуществление государственного надзора (должностного лица), органа (должностного лица), осуществляющего муниципальный контроль",19.05,120404,0.9944497670884404,Штраф,1,Штраф
Статья 19.7. Непредставление сведений (информации),19.07,0,0.0,Административный арест или обязательные работы,5,Адм. арест<br> или обяз. работы
Статья 19.7. Непредставление сведений (информации),19.07,0,0.0,Дисквалификация или лишение спец. права,3,Дисквалификация или лишение спец. права
Статья 19.7. Непредставление сведений (информации),19.07,0,0.0,Конфискация,4,Конфискация
Статья 19.7. Непредставление сведений (информации),19.07,0,0.0,Приостановление деятельности,2,Приостановление деятельности
Статья 19.7. Непредставление сведений (информации),19.07,21459,1.0,Штраф,1,Штраф
"Статья 19.4.1. Воспрепятствование законной деятельности должностного лица органа государственного контроля (надзора), должностного лица организации, уполномоченной в соответствии с федеральными законами на осуществление государственного надзора, должностного лица органа муниципального контроля",19.04,0,0.0,Административный арест или обязательные работы,5,Адм. арест<br> или обяз. работы
"Статья 19.4.1. Воспрепятствование законной деятельности должностного лица органа государственного контроля (надзора), должностного лица организации, уполномоченной в соответствии с федеральными законами на осуществление государственного надзора, должностного лица органа муниципального контроля",19.04,8,0.0005140397095675641,Дисквалификация или лишение спец. права,3,Дисквалификация или лишение спец. права
"Статья 19.4.1. Воспрепятствование законной деятельности должностного лица органа государственного контроля (надзора), должностного лица организации, уполномоченной в соответствии с федеральными законами на осуществление государственного надзора, должностного лица органа муниципального контроля",19.04,0,0.0,Конфискация,4,Конфискация
"Статья 19.4.1. Воспрепятствование законной деятельности должностного лица органа государственного контроля (надзора), должностного лица организации, уполномоченной в соответствии с федеральными законами на осуществление государственного надзора, должностного лица органа муниципального контроля",19.04,0,0.0,Приостановление деятельности,2,Приостановление деятельности
"Статья 19.4.1. Воспрепятствование законной деятельности должностного лица органа государственного контроля (надзора), должностного лица организации, уполномоченной в соответствии с федеральными законами на осуществление государственного надзора, должностного лица органа муниципального контроля",19.04,15555,0.9994859602904325,Штраф,1,Штраф
"Статья 19.20. Осуществление деятельности, не связанной с извлечением прибыли, без специального разрешения (лицензии)",19.20,0,0.0,Административный арест или обязательные работы,5,Адм. арест<br> или обяз. работы
"Статья 19.20. Осуществление деятельности, не связанной с извлечением прибыли, без специального разрешения (лицензии)",19.20,1,0.0002556237218813906,Дисквалификация или лишение спец. права,3,Дисквалификация или лишение спец. права
"Статья 19.20. Осуществление деятельности, не связанной с извлечением прибыли, без специального разрешения (лицензии)",19.20,0,0.0,Конфискация,4,Конфискация
"Статья 19.20. Осуществление деятельности, не связанной с извлечением прибыли, без специального разрешения (лицензии)",19.20,212,0.0541922290388548,Приостановление деятельности,2,Приостановление деятельности
"Статья 19.20. Осуществление деятельности, не связанной с извлечением прибыли, без специального разрешения (лицензии)",19.20,3699,0.9455521472392638,Штраф,1,Штраф
"Статья 17.7. Невыполнение законных требований прокурора, следователя, дознавателя или должностного лица, осуществляющего производство по делу об административном правонарушении",17.07,0,0.0,Административный арест или обязательные работы,5,Адм. арест<br> или обяз. работы
"Статья 17.7. Невыполнение законных требований прокурора, следователя, дознавателя или должностного лица, осуществляющего производство по делу об административном правонарушении",17.07,40,0.002567723712928489,Дисквалификация или лишение спец. права,3,Дисквалификация или лишение спец. права
"Статья 17.7. Невыполнение законных требований прокурора, следователя, дознавателя или должностного лица, осуществляющего производство по делу об административном правонарушении",17.07,0,0.0,Конфискация,4,Конфискация
"Статья 17.7. Невыполнение законных требований прокурора, следователя, дознавателя или должностного лица, осуществляющего производство по делу об административном правонарушении",17.07,55,0.0035306201052766723,Приостановление деятельности,2,Приостановление деятельности
"Статья 17.7. Невыполнение законных требований прокурора, следователя, дознавателя или должностного лица, осуществляющего производство по делу об административном правонарушении",17.07,15483,0.9939016561817948,Штраф,1,Штраф
Статья 9.1. Нарушение требований промышленной безопасности или условий лицензий на осуществление видов деятельности в области промышленной безопасности опасных производственных объектов,9.01,0,0.0,Административный арест или обязательные работы,5,Адм. арест<br> или обяз. работы
Статья 9.1. Нарушение требований промышленной безопасности или условий лицензий на осуществление видов деятельности в области промышленной безопасности опасных производственных объектов,9.01,21,0.008875739644970414,Дисквалификация или лишение спец. права,3,Дисквалификация или лишение спец. права
Статья 9.1. Нарушение требований промышленной безопасности или условий лицензий на осуществление видов деятельности в области промышленной безопасности опасных производственных объектов,9.01,0,0.0,Конфискация,4,Конфискация
Статья 9.1. Нарушение требований промышленной безопасности или условий лицензий на осуществление видов деятельности в области промышленной безопасности опасных производственных объектов,9.01,1683,0.7113271344040575,Приостановление деятельности,2,Приостановление деятельности
Статья 9.1. Нарушение требований промышленной безопасности или условий лицензий на осуществление видов деятельности в области промышленной безопасности опасных производственных объектов,9.01,662,0.2797971259509721,Штраф,1,Штраф
Статья 16.4. Недекларирование либо недостоверное декларирование физическими лицами наличных денежных средств и (или) денежных инструментов,16.04,0,0.0,Административный арест или обязательные работы,5,Адм. арест<br> или обяз. работы
Статья 16.4. Недекларирование либо недостоверное декларирование физическими лицами наличных денежных средств и (или) денежных инструментов,16.04,0,0.0,Дисквалификация или лишение спец. права,3,Дисквалификация или лишение спец. права
Статья 16.4. Недекларирование либо недостоверное декларирование физическими лицами наличных денежных средств и (или) денежных инструментов,16.04,268,0.416796267496112,Конфискация,4,Конфискация
Статья 16.4. Недекларирование либо недостоверное декларирование физическими лицами наличных денежных средств и (или) денежных инструментов,16.04,0,0.0,Приостановление деятельности,2,Приостановление деятельности
Статья 16.4. Недекларирование либо недостоверное декларирование физическими лицами наличных денежных средств и (или) денежных инструментов,16.04,375,0.583203732503888,Штраф,1,Штраф
Статья 16.2. Недекларирование либо недостоверное декларирование товаров,16.02,0,0.0,Административный арест или обязательные работы,5,Адм. арест<br> или обяз. работы
Статья 16.2. Недекларирование либо недостоверное декларирование товаров,16.02,0,0.0,Дисквалификация или лишение спец. права,3,Дисквалификация или лишение спец. права
Статья 16.2. Недекларирование либо недостоверное декларирование товаров,16.02,15882,0.8662594087487727,Конфискация,4,Конфискация
Статья 16.2. Недекларирование либо недостоверное декларирование товаров,16.02,0,0.0,Приостановление деятельности,2,Приостановление деятельности
Статья 16.2. Недекларирование либо недостоверное декларирование товаров,16.02,2452,0.13374059125122723,Штраф,1,Штраф
Статья 16.1. Незаконное перемещение через таможенную границу Таможенного союза товаров и (или) транспортных средств международной перевозки,16.01,0,0.0,Административный арест или обязательные работы,5,Адм. арест<br> или обяз. работы
Статья 16.1. Незаконное перемещение через таможенную границу Таможенного союза товаров и (или) транспортных средств международной перевозки,16.01,0,0.0,Дисквалификация или лишение спец. права,3,Дисквалификация или лишение спец. права
Статья 16.1. Незаконное перемещение через таможенную границу Таможенного союза товаров и (или) транспортных средств международной перевозки,16.01,1417,0.7573490112239444,Конфискация,4,Конфискация
Статья 16.1. Незаконное перемещение через таможенную границу Таможенного союза товаров и (или) транспортных средств международной перевозки,16.01,0,0.0,Приостановление деятельности,2,Приостановление деятельности
Статья 16.1. Незаконное перемещение через таможенную границу Таможенного союза товаров и (или) транспортных средств международной перевозки,16.01,454,0.2426509887760556,Штраф,1,Штраф
"Статья 6.16. Нарушение правил оборота наркотических средств, психотропных веществ и их прекурсоров либо хранения, учета, реализации, перевозки, приобретения, использования, ввоза, вывоза или уничтожения растений, содержащих наркотические средства или психотропные вещества либо их прекурсоры, и их частей, содержащих наркотические средства или психотропные вещества либо их прекурсоры",6.16,0,0.0,Административный арест или обязательные работы,5,Адм. арест<br> или обяз. работы
"Статья 6.16. Нарушение правил оборота наркотических средств, психотропных веществ и их прекурсоров либо хранения, учета, реализации, перевозки, приобретения, использования, ввоза, вывоза или уничтожения растений, содержащих наркотические средства или психотропные вещества либо их прекурсоры, и их частей, содержащих наркотические средства или психотропные вещества либо их прекурсоры",6.16,0,0.0,Дисквалификация или лишение спец. права,3,Дисквалификация или лишение спец. права
"Статья 6.16. Нарушение правил оборота наркотических средств, психотропных веществ и их прекурсоров либо хранения, учета, реализации, перевозки, приобретения, использования, ввоза, вывоза или уничтожения растений, содержащих наркотические средства или психотропные вещества либо их прекурсоры, и их частей, содержащих наркотические средства или психотропные вещества либо их прекурсоры",6.16,1,0.001579778830963665,Конфискация,4,Конфискация
"Статья 6.16. Нарушение правил оборота наркотических средств, психотропных веществ и их прекурсоров либо хранения, учета, реализации, перевозки, приобретения, использования, ввоза, вывоза или уничтожения растений, содержащих наркотические средства или психотропные вещества либо их прекурсоры, и их частей, содержащих наркотические средства или психотропные вещества либо их прекурсоры",6.16,51,0.08056872037914692,Приостановление деятельности,2,Приостановление деятельности
"Статья 6.16. Нарушение правил оборота наркотических средств, психотропных веществ и их прекурсоров либо хранения, учета, реализации, перевозки, приобретения, использования, ввоза, вывоза или уничтожения растений, содержащих наркотические средства или психотропные вещества либо их прекурсоры, и их частей, содержащих наркотические средства или психотропные вещества либо их прекурсоры",6.16,581,0.9178515007898894,Штраф,1,Штраф
Статья 15.14. Нецелевое использование бюджетных средств,15.14,0,0.0,Административный арест или обязательные работы,5,Адм. арест<br> или обяз. работы
Статья 15.14. Нецелевое использование бюджетных средств,15.14,0,0.0,Дисквалификация или лишение спец. права,3,Дисквалификация или лишение спец. права
Статья 15.14. Нецелевое использование бюджетных средств,15.14,0,0.0,Конфискация,4,Конфискация
Статья 15.14. Нецелевое использование бюджетных средств,15.14,0,0.0,Приостановление деятельности,2,Приостановление деятельности
Статья 15.14. Нецелевое использование бюджетных средств,15.14,1330,1.0,Штраф,1,Штраф
"Статья 15.12. Производство или продажа товаров и продукции, в отношении которых установлены требования по маркировке и (или) нанесению информации, без соответствующей маркировки и (или) информации, а также с нарушением установленного порядка нанесения такой маркировки и (или) информации",15.12,0,0.0,Административный арест или обязательные работы,5,Адм. арест<br> или обяз. работы
"Статья 15.12. Производство или продажа товаров и продукции, в отношении которых установлены требования по маркировке и (или) нанесению информации, без соответствующей маркировки и (или) информации, а также с нарушением установленного порядка нанесения такой маркировки и (или) информации",15.12,0,0.0,Дисквалификация или лишение спец. права,3,Дисквалификация или лишение спец. права
"Статья 15.12. Производство или продажа товаров и продукции, в отношении которых установлены требования по маркировке и (или) нанесению информации, без соответствующей маркировки и (или) информации, а также с нарушением установленного порядка нанесения такой маркировки и (или) информации",15.12,1,0.00014952153110047846,Конфискация,4,Конфискация
"Статья 15.12. Производство или продажа товаров и продукции, в отношении которых установлены требования по маркировке и (или) нанесению информации, без соответствующей маркировки и (или) информации, а также с нарушением установленного порядка нанесения такой маркировки и (или) информации",15.12,0,0.0,Приостановление деятельности,2,Приостановление деятельности
"Статья 15.12. Производство или продажа товаров и продукции, в отношении которых установлены требования по маркировке и (или) нанесению информации, без соответствующей маркировки и (или) информации, а также с нарушением установленного порядка нанесения такой маркировки и (или) информации",15.12,6687,0.9998504784688995,Штраф,1,Штраф
Статья 13.21. Нарушение порядка изготовления или распространения продукции средства массовой информации,13.21,0,0.0,Административный арест или обязательные работы,5,Адм. арест<br> или обяз. работы
Статья 13.21. Нарушение порядка изготовления или распространения продукции средства массовой информации,13.21,0,0.0,Дисквалификация или лишение спец. права,3,Дисквалификация или лишение спец. права
Статья 13.21. Нарушение порядка изготовления или распространения продукции средства массовой информации,13.21,0,0.0,Конфискация,4,Конфискация
Статья 13.21. Нарушение порядка изготовления или распространения продукции средства массовой информации,13.21,0,0.0,Приостановление деятельности,2,Приостановление деятельности
Статья 13.21. Нарушение порядка изготовления или распространения продукции средства массовой информации,13.21,1327,1.0,Штраф,1,Штраф
"Статья 19.4. Неповиновение законному распоряжению должностного лица органа, осуществляющего государственный надзор (контроль), должностного лица организации, уполномоченной в соответствии с федеральными законами на осуществление государственного надзора, должностного лица органа, осуществляющего муниципальный контроль",19.04,0,0.0,Административный арест или обязательные работы,5,Адм. арест<br> или обяз. работы
"Статья 19.4. Неповиновение законному распоряжению должностного лица органа, осуществляющего государственный надзор (контроль), должностного лица организации, уполномоченной в соответствии с федеральными законами на осуществление государственного надзора, должностного лица органа, осуществляющего муниципальный контроль",19.04,0,0.0,Дисквалификация или лишение спец. права,3,Дисквалификация или лишение спец. права
"Статья 19.4. Неповиновение законному распоряжению должностного лица органа, осуществляющего государственный надзор (контроль), должностного лица организации, уполномоченной в соответствии с федеральными законами на осуществление государственного надзора, должностного лица органа, осуществляющего муниципальный контроль",19.04,0,0.0,Конфискация,4,Конфискация
"Статья 19.4. Неповиновение законному распоряжению должностного лица органа, осуществляющего государственный надзор (контроль), должностного лица организации, уполномоченной в соответствии с федеральными законами на осуществление государственного надзора, должностного лица органа, осуществляющего муниципальный контроль",19.04,0,0.0,Приостановление деятельности,2,Приостановление деятельности
"Статья 19.4. Неповиновение законному распоряжению должностного лица органа, осуществляющего государственный надзор (контроль), должностного лица организации, уполномоченной в соответствии с федеральными законами на осуществление государственного надзора, должностного лица органа, осуществляющего муниципальный контроль",19.04,6440,1.0,Штраф,1,Штраф
"Статья 8.37. Нарушение правил охоты, правил, регламентирующих рыболовство и другие виды пользования объектами животного мира",8.37,0,0.0,Административный арест или обязательные работы,5,Адм. арест<br> или обяз. работы
"Статья 8.37. Нарушение правил охоты, правил, регламентирующих рыболовство и другие виды пользования объектами животного мира",8.37,1232,0.034041612555607746,Дисквалификация или лишение спец. права,3,Дисквалификация или лишение спец. права
"Статья 8.37. Нарушение правил охоты, правил, регламентирующих рыболовство и другие виды пользования объектами животного мира",8.37,13,0.0003592053272913155,Конфискация,4,Конфискация
"Статья 8.37. Нарушение правил охоты, правил, регламентирующих рыболовство и другие виды пользования объектами животного мира",8.37,0,0.0,Приостановление деятельности,2,Приостановление деятельности
"Статья 8.37. Нарушение правил охоты, правил, регламентирующих рыболовство и другие виды пользования объектами животного мира",8.37,34946,0.9655991821171009,Штраф,1,Штраф
Статья 14.1. Осуществление предпринимательской деятельности без государственной регистрации или без специального разрешения (лицензии),14.01,0,0.0,Административный арест или обязательные работы,5,Адм. арест<br> или обяз. работы
Статья 14.1. Осуществление предпринимательской деятельности без государственной регистрации или без специального разрешения (лицензии),14.01,0,0.0,Дисквалификация или лишение спец. права,3,Дисквалификация или лишение спец. права
Статья 14.1. Осуществление предпринимательской деятельности без государственной регистрации или без специального разрешения (лицензии),14.01,0,0.0,Конфискация,4,Конфискация
Статья 14.1. Осуществление предпринимательской деятельности без государственной регистрации или без специального разрешения (лицензии),14.01,6,5.0145840820385954e-05,Приостановление деятельности,2,Приостановление деятельности
Статья 14.1. Осуществление предпринимательской деятельности без государственной регистрации или без специального разрешения (лицензии),14.01,119645,0.9999498541591796,Штраф,1,Штраф
Статья 16.3. Несоблюдение запретов и (или) ограничений на ввоз товаров на таможенную территорию Евразийского экономического союза или в Российскую Федерацию и (или) вывоз товаров с таможенной территории Евразийского экономического союза или из Российской Федерации,16.03,0,0.0,Административный арест или обязательные работы,5,Адм. арест<br> или обяз. работы
Статья 16.3. Несоблюдение запретов и (или) ограничений на ввоз товаров на таможенную территорию Евразийского экономического союза или в Российскую Федерацию и (или) вывоз товаров с таможенной территории Евразийского экономического союза или из Российской Федерации,16.03,0,0.0,Дисквалификация или лишение спец. права,3,Дисквалификация или лишение спец. права
Статья 16.3. Несоблюдение запретов и (или) ограничений на ввоз товаров на таможенную территорию Евразийского экономического союза или в Российскую Федерацию и (или) вывоз товаров с таможенной территории Евразийского экономического союза или из Российской Федерации,16.03,495,0.565068493150685,Конфискация,4,Конфискация
Статья 16.3. Несоблюдение запретов и (или) ограничений на ввоз товаров на таможенную территорию Евразийского экономического союза или в Российскую Федерацию и (или) вывоз товаров с таможенной территории Евразийского экономического союза или из Российской Федерации,16.03,0,0.0,Приостановление деятельности,2,Приостановление деятельности
Статья 16.3. Несоблюдение запретов и (или) ограничений на ввоз товаров на таможенную территорию Евразийского экономического союза или в Российскую Федерацию и (или) вывоз товаров с таможенной территории Евразийского экономического союза или из Российской Федерации,16.03,381,0.4349315068493151,Штраф,1,Штраф
"Статья 15.27. Неисполнение требований законодательства о противодействии легализации (отмыванию) доходов, полученных преступным путем, и финансированию терроризма",15.27,0,0.0,Административный арест или обязательные работы,5,Адм. арест<br> или обяз. работы
"Статья 15.27. Неисполнение требований законодательства о противодействии легализации (отмыванию) доходов, полученных преступным путем, и финансированию терроризма",15.27,0,0.0,Дисквалификация или лишение спец. права,3,Дисквалификация или лишение спец. права
"Статья 15.27. Неисполнение требований законодательства о противодействии легализации (отмыванию) доходов, полученных преступным путем, и финансированию терроризма",15.27,0,0.0,Конфискация,4,Конфискация
"Статья 15.27. Неисполнение требований законодательства о противодействии легализации (отмыванию) доходов, полученных преступным путем, и финансированию терроризма",15.27,37,0.15416666666666667,Приостановление деятельности,2,Приостановление деятельности
"Статья 15.27. Неисполнение требований законодательства о противодействии легализации (отмыванию) доходов, полученных преступным путем, и финансированию терроризма",15.27,203,0.8458333333333333,Штраф,1,Штраф
"Статья 14.19. Нарушение государственного учета в области производства и оборота этилового спирта, алкогольной и спиртосодержащей продукции",14.19,0,0.0,Административный арест или обязательные работы,5,Адм. арест<br> или обяз. работы
"Статья 14.19. Нарушение государственного учета в области производства и оборота этилового спирта, алкогольной и спиртосодержащей продукции",14.19,0,0.0,Дисквалификация или лишение спец. права,3,Дисквалификация или лишение спец. права
"Статья 14.19. Нарушение государственного учета в области производства и оборота этилового спирта, алкогольной и спиртосодержащей продукции",14.19,0,0.0,Конфискация,4,Конфискация
"Статья 14.19. Нарушение государственного учета в области производства и оборота этилового спирта, алкогольной и спиртосодержащей продукции",14.19,0,0.0,Приостановление деятельности,2,Приостановление деятельности
"Статья 14.19. Нарушение государственного учета в области производства и оборота этилового спирта, алкогольной и спиртосодержащей продукции",14.19,403,1.0,Штраф,1,Штраф
Статья 16.16. Нарушение сроков временного хранения товаров,16.16,0,0.0,Административный арест или обязательные работы,5,Адм. арест<br> или обяз. работы
Статья 16.16. Нарушение сроков временного хранения товаров,16.16,0,0.0,Дисквалификация или лишение спец. права,3,Дисквалификация или лишение спец. права
Статья 16.16. Нарушение сроков временного хранения товаров,16.16,6,0.023076923076923078,Конфискация,4,Конфискация
Статья 16.16. Нарушение сроков временного хранения товаров,16.16,0,0.0,Приостановление деятельности,2,Приостановление деятельности
Статья 16.16. Нарушение сроков временного хранения товаров,16.16,254,0.9769230769230769,Штраф,1,Штраф
"Статья 19.7.1. Непредставление сведений или представление заведомо недостоверных сведений в орган, осуществляющий государственный контроль (надзор) в области регулируемых государством цен (тарифов)",19.07,0,0.0,Административный арест или обязательные работы,5,Адм. арест<br> или обяз. работы
"Статья 19.7.1. Непредставление сведений или представление заведомо недостоверных сведений в орган, осуществляющий государственный контроль (надзор) в области регулируемых государством цен (тарифов)",19.07,3,0.028037383177570093,Дисквалификация или лишение спец. права,3,Дисквалификация или лишение спец. права
"Статья 19.7.1. Непредставление сведений или представление заведомо недостоверных сведений в орган, осуществляющий государственный контроль (надзор) в области регулируемых государством цен (тарифов)",19.07,0,0.0,Конфискация,4,Конфискация
"Статья 19.7.1. Непредставление сведений или представление заведомо недостоверных сведений в орган, осуществляющий государственный контроль (надзор) в области регулируемых государством цен (тарифов)",19.07,0,0.0,Приостановление деятельности,2,Приостановление деятельности
"Статья 19.7.1. Непредставление сведений или представление заведомо недостоверных сведений в орган, осуществляющий государственный контроль (надзор) в области регулируемых государством цен (тарифов)",19.07,104,0.9719626168224299,Штраф,1,Штраф
Статья 14.6. Нарушение порядка ценообразования,14.06,0,0.0,Административный арест или обязательные работы,5,Адм. арест<br> или обяз. работы
Статья 14.6. Нарушение порядка ценообразования,14.06,12,0.05128205128205128,Дисквалификация или лишение спец. права,3,Дисквалификация или лишение спец. права
Статья 14.6. Нарушение порядка ценообразования,14.06,0,0.0,Конфискация,4,Конфискация
Статья 14.6. Нарушение порядка ценообразования,14.06,0,0.0,Приостановление деятельности,2,Приостановление деятельности
Статья 14.6. Нарушение порядка ценообразования,14.06,222,0.9487179487179487,Штраф,1,Штраф
"Статья 7.12. Нарушение авторских и смежных прав, изобретательских и патентных прав",7.12,0,0.0,Административный арест или обязательные работы,5,Адм. арест<br> или обяз. работы
"Статья 7.12. Нарушение авторских и смежных прав, изобретательских и патентных прав",7.12,0,0.0,Дисквалификация или лишение спец. права,3,Дисквалификация или лишение спец. права
"Статья 7.12. Нарушение авторских и смежных прав, изобретательских и патентных прав",7.12,0,0.0,Конфискация,4,Конфискация
"Статья 7.12. Нарушение авторских и смежных прав, изобретательских и патентных прав",7.12,0,0.0,Приостановление деятельности,2,Приостановление деятельности
"Статья 7.12. Нарушение авторских и смежных прав, изобретательских и патентных прав",7.12,724,1.0,Штраф,1,Штраф
Статья 19.14. Утратила силу,19.14,0,0.0,Административный арест или обязательные работы,5,Адм. арест<br> или обяз. работы
Статья 19.14. Утратила силу,19.14,0,0.0,Дисквалификация или лишение спец. права,3,Дисквалификация или лишение спец. права
Статья 19.14. Утратила силу,19.14,0,0.0,Конфискация,4,Конфискация
Статья 19.14. Утратила силу,19.14,0,0.0,Приостановление деятельности,2,Приостановление деятельности
Статья 19.14. Утратила силу,19.14,506,1.0,Штраф,1,Штраф
"Статья 8.17. Нарушение регламентирующих деятельность во внутренних морских водах, в территориальном море, на континентальном шельфе, в исключительной экономической зоне Российской Федерации или открытом море требований или условий лицензии",8.17,0,0.0,Административный арест или обязательные работы,5,Адм. арест<br> или обяз. работы
"Статья 8.17. Нарушение регламентирующих деятельность во внутренних морских водах, в территориальном море, на континентальном шельфе, в исключительной экономической зоне Российской Федерации или открытом море требований или условий лицензии",8.17,0,0.0,Дисквалификация или лишение спец. права,3,Дисквалификация или лишение спец. права
"Статья 8.17. Нарушение регламентирующих деятельность во внутренних морских водах, в территориальном море, на континентальном шельфе, в исключительной экономической зоне Российской Федерации или открытом море требований или условий лицензии",8.17,0,0.0,Конфискация,4,Конфискация
"Статья 8.17. Нарушение регламентирующих деятельность во внутренних морских водах, в территориальном море, на континентальном шельфе, в исключительной экономической зоне Российской Федерации или открытом море требований или условий лицензии",8.17,0,0.0,Приостановление деятельности,2,Приостановление деятельности
"Статья 8.17. Нарушение регламентирующих деятельность во внутренних морских водах, в территориальном море, на континентальном шельфе, в исключительной экономической зоне Российской Федерации или открытом море требований или условий лицензии",8.17,969,1.0,Штраф,1,Штраф
"Статья 7.19. Самовольное подключение и использование электрической, тепловой энергии, нефти или газа",7.19,0,0.0,Административный арест или обязательные работы,5,Адм. арест<br> или обяз. работы
"Статья 7.19. Самовольное подключение и использование электрической, тепловой энергии, нефти или газа",7.19,7,0.00021208907741251324,Дисквалификация или лишение спец. права,3,Дисквалификация или лишение спец. права
"Статья 7.19. Самовольное подключение и использование электрической, тепловой энергии, нефти или газа",7.19,0,0.0,Конфискация,4,Конфискация
"Статья 7.19. Самовольное подключение и использование электрической, тепловой энергии, нефти или газа",7.19,0,0.0,Приостановление деятельности,2,Приостановление деятельности
"Статья 7.19. Самовольное подключение и использование электрической, тепловой энергии, нефти или газа",7.19,32998,0.9997879109225875,Штраф,1,Штраф
"Статья 14.2. Незаконная продажа товаров (иных вещей), свободная реализация которых запрещена или ограничена",14.02,0,0.0,Административный арест или обязательные работы,5,Адм. арест<br> или обяз. работы
"Статья 14.2. Незаконная продажа товаров (иных вещей), свободная реализация которых запрещена или ограничена",14.02,0,0.0,Дисквалификация или лишение спец. права,3,Дисквалификация или лишение спец. права
"Статья 14.2. Незаконная продажа товаров (иных вещей), свободная реализация которых запрещена или ограничена",14.02,1,4.9348598499802604e-05,Конфискация,4,Конфискация
"Статья 14.2. Незаконная продажа товаров (иных вещей), свободная реализация которых запрещена или ограничена",14.02,0,0.0,Приостановление деятельности,2,Приостановление деятельности
"Статья 14.2. Незаконная продажа товаров (иных вещей), свободная реализация которых запрещена или ограничена",14.02,20263,0.9999506514015002,Штраф,1,Штраф
Статья 7.6. Самовольное занятие водного объекта или пользование им с нарушением установленных условий,7.06,0,0.0,Административный арест или обязательные работы,5,Адм. арест<br> или обяз. работы
Статья 7.6. Самовольное занятие водного объекта или пользование им с нарушением установленных условий,7.06,0,0.0,Дисквалификация или лишение спец. права,3,Дисквалификация или лишение спец. права
Статья 7.6. Самовольное занятие водного объекта или пользование им с нарушением установленных условий,7.06,0,0.0,Конфискация,4,Конфискация
Статья 7.6. Самовольное занятие водного объекта или пользование им с нарушением установленных условий,7.06,12,0.0784313725490196,Приостановление деятельности,2,Приостановление деятельности
Статья 7.6. Самовольное занятие водного объекта или пользование им с нарушением установленных условий,7.06,141,0.9215686274509803,Штраф,1,Штраф
Статья 14.26. Нарушение правил обращения с ломом и отходами цветных и черных металлов и их отчуждения,14.26,0,0.0,Административный арест или обязательные работы,5,Адм. арест<br> или обяз. работы
Статья 14.26. Нарушение правил обращения с ломом и отходами цветных и черных металлов и их отчуждения,14.26,0,0.0,Дисквалификация или лишение спец. права,3,Дисквалификация или лишение спец. права
Статья 14.26. Нарушение правил обращения с ломом и отходами цветных и черных металлов и их отчуждения,14.26,0,0.0,Конфискация,4,Конфискация
Статья 14.26. Нарушение правил обращения с ломом и отходами цветных и черных металлов и их отчуждения,14.26,0,0.0,Приостановление деятельности,2,Приостановление деятельности
Статья 14.26. Нарушение правил обращения с ломом и отходами цветных и черных металлов и их отчуждения,14.26,5932,1.0,Штраф,1,Штраф
Статья 16.19. Несоблюдение таможенной процедуры,16.19,0,0.0,Административный арест или обязательные работы,5,Адм. арест<br> или обяз. работы
Статья 16.19. Несоблюдение таможенной процедуры,16.19,0,0.0,Дисквалификация или лишение спец. права,3,Дисквалификация или лишение спец. права
Статья 16.19. Несоблюдение таможенной процедуры,16.19,8,0.13559322033898305,Конфискация,4,Конфискация
Статья 16.19. Несоблюдение таможенной процедуры,16.19,0,0.0,Приостановление деятельности,2,Приостановление деятельности
Статья 16.19. Несоблюдение таможенной процедуры,16.19,51,0.864406779661017,Штраф,1,Штраф
Статья 13.5. Нарушение правил охраны линий или сооружений связи,13.05,0,0.0,Административный арест или обязательные работы,5,Адм. арест<br> или обяз. работы
Статья 13.5. Нарушение правил охраны линий или сооружений связи,13.05,0,0.0,Дисквалификация или лишение спец. права,3,Дисквалификация или лишение спец. права
Статья 13.5. Нарушение правил охраны линий или сооружений связи,13.05,0,0.0,Конфискация,4,Конфискация
Статья 13.5. Нарушение правил охраны линий или сооружений связи,13.05,0,0.0,Приостановление деятельности,2,Приостановление деятельности
Статья 13.5. Нарушение правил охраны линий или сооружений связи,13.05,51,1.0,Штраф,1,Штраф
Статья 20.4. Нарушение требований пожарной безопасности,20.04,0,0.0,Административный арест или обязательные работы,5,Адм. арест<br> или обяз. работы
Статья 20.4. Нарушение требований пожарной безопасности,20.04,1,0.001669449081803005,Дисквалификация или лишение спец. права,3,Дисквалификация или лишение спец. права
Статья 20.4. Нарушение требований пожарной безопасности,20.04,0,0.0,Конфискация,4,Конфискация
Статья 20.4. Нарушение требований пожарной безопасности,20.04,1,0.001669449081803005,Приостановление деятельности,2,Приостановление деятельности
Статья 20.4. Нарушение требований пожарной безопасности,20.04,597,0.996661101836394,Штраф,1,Штраф
"Статья 14.5. Продажа товаров, выполнение работ либо оказание услуг при отсутствии установленной информации либо неприменение в установленных федеральными законами случаях контрольно-кассовой техники",14.05,0,0.0,Административный арест или обязательные работы,5,Адм. арест<br> или обяз. работы
"Статья 14.5. Продажа товаров, выполнение работ либо оказание услуг при отсутствии установленной информации либо неприменение в установленных федеральными законами случаях контрольно-кассовой техники",14.05,6,0.07692307692307693,Дисквалификация или лишение спец. права,3,Дисквалификация или лишение спец. права
"Статья 14.5. Продажа товаров, выполнение работ либо оказание услуг при отсутствии установленной информации либо неприменение в установленных федеральными законами случаях контрольно-кассовой техники",14.05,0,0.0,Конфискация,4,Конфискация
"Статья 14.5. Продажа товаров, выполнение работ либо оказание услуг при отсутствии установленной информации либо неприменение в установленных федеральными законами случаях контрольно-кассовой техники",14.05,50,0.6410256410256411,Приостановление деятельности,2,Приостановление деятельности
"Статья 14.5. Продажа товаров, выполнение работ либо оказание услуг при отсутствии установленной информации либо неприменение в установленных федеральными законами случаях контрольно-кассовой техники",14.05,22,0.28205128205128205,Штраф,1,Штраф
"Статья 9.2. Нарушение требований к обеспечению безопасности гидротехнических сооружений, установленных законодательством Российской Федерации",9.02,0,0.0,Административный арест или обязательные работы,5,Адм. арест<br> или обяз. работы
"Статья 9.2. Нарушение требований к обеспечению безопасности гидротехнических сооружений, установленных законодательством Российской Федерации",9.02,0,0.0,Дисквалификация или лишение спец. права,3,Дисквалификация или лишение спец. права
"Статья 9.2. Нарушение требований к обеспечению безопасности гидротехнических сооружений, установленных законодательством Российской Федерации",9.02,0,0.0,Конфискация,4,Конфискация
"Статья 9.2. Нарушение требований к обеспечению безопасности гидротехнических сооружений, установленных законодательством Российской Федерации",9.02,0,0.0,Приостановление деятельности,2,Приостановление деятельности
"Статья 9.2. Нарушение требований к обеспечению безопасности гидротехнических сооружений, установленных законодательством Российской Федерации",9.02,24,1.0,Штраф,1,Штраф
Статья 14.7. Обман потребителей,14.07,0,0.0,Административный арест или обязательные работы,5,Адм. арест<br> или обяз. работы
Статья 14.7. Обман потребителей,14.07,0,0.0,Дисквалификация или лишение спец. права,3,Дисквалификация или лишение спец. права
Статья 14.7. Обман потребителей,14.07,0,0.0,Конфискация,4,Конфискация
Статья 14.7. Обман потребителей,14.07,0,0.0,Приостановление деятельности,2,Приостановление деятельности
Статья 14.7. Обман потребителей,14.07,73,1.0,Штраф,1,Штраф
"Статья 14.10. Незаконное использование средств индивидуализации товаров (работ, услуг)",14.10,0,0.0,Административный арест или обязательные работы,5,Адм. арест<br> или обяз. работы
"Статья 14.10. Незаконное использование средств индивидуализации товаров (работ, услуг)",14.10,0,0.0,Дисквалификация или лишение спец. права,3,Дисквалификация или лишение спец. права
"Статья 14.10. Незаконное использование средств индивидуализации товаров (работ, услуг)",14.10,4,0.0015704750687082843,Конфискация,4,Конфискация
"Статья 14.10. Незаконное использование средств индивидуализации товаров (работ, услуг)",14.10,0,0.0,Приостановление деятельности,2,Приостановление деятельности
"Статья 14.10. Незаконное использование средств индивидуализации товаров (работ, услуг)",14.10,2543,0.9984295249312917,Штраф,1,Штраф
Статья 14.37. Нарушения требований к установке и (или) эксплуатации рекламной конструкции,14.37,0,0.0,Административный арест или обязательные работы,5,Адм. арест<br> или обяз. работы
Статья 14.37. Нарушения требований к установке и (или) эксплуатации рекламной конструкции,14.37,0,0.0,Дисквалификация или лишение спец. права,3,Дисквалификация или лишение спец. права
Статья 14.37. Нарушения требований к установке и (или) эксплуатации рекламной конструкции,14.37,0,0.0,Конфискация,4,Конфискация
Статья 14.37. Нарушения требований к установке и (или) эксплуатации рекламной конструкции,14.37,0,0.0,Приостановление деятельности,2,Приостановление деятельности
Статья 14.37. Нарушения требований к установке и (или) эксплуатации рекламной конструкции,14.37,1598,1.0,Штраф,1,Штраф
Статья 19.21. Несоблюдение порядка государственной регистрации прав на недвижимое имущество или сделок с ним,19.21,0,0.0,Административный арест или обязательные работы,5,Адм. арест<br> или обяз. работы
Статья 19.21. Несоблюдение порядка государственной регистрации прав на недвижимое имущество или сделок с ним,19.21,0,0.0,Дисквалификация или лишение спец. права,3,Дисквалификация или лишение спец. права
Статья 19.21. Несоблюдение порядка государственной регистрации прав на недвижимое имущество или сделок с ним,19.21,0,0.0,Конфискация,4,Конфискация
Статья 19.21. Несоблюдение порядка государственной регистрации прав на недвижимое имущество или сделок с ним,19.21,0,0.0,Приостановление деятельности,2,Приостановление деятельности
Статья 19.21. Несоблюдение порядка государственной регистрации прав на недвижимое имущество или сделок с ним,19.21,64,1.0,Штраф,1,Штраф
Статья 8.39. Нарушение правил охраны и использования природных ресурсов на особо охраняемых природных территориях,8.39,0,0.0,Административный арест или обязательные работы,5,Адм. арест<br> или обяз. работы
Статья 8.39. Нарушение правил охраны и использования природных ресурсов на особо охраняемых природных территориях,8.39,0,0.0,Дисквалификация или лишение спец. права,3,Дисквалификация или лишение спец. права
Статья 8.39. Нарушение правил охраны и использования природных ресурсов на особо охраняемых природных территориях,8.39,0,0.0,Конфискация,4,Конфискация
Статья 8.39. Нарушение правил охраны и использования природных ресурсов на особо охраняемых природных территориях,8.39,0,0.0,Приостановление деятельности,2,Приостановление деятельности
Статья 8.39. Нарушение правил охраны и использования природных ресурсов на особо охраняемых природных территориях,8.39,609,1.0,Штраф,1,Штраф
Статья 7.27.1. Причинение имущественного ущерба путем обмана или злоупотребления доверием,7.27,0,0.0,Административный арест или обязательные работы,5,Адм. арест<br> или обяз. работы
Статья 7.27.1. Причинение имущественного ущерба путем обмана или злоупотребления доверием,7.27,0,0.0,Дисквалификация или лишение спец. права,3,Дисквалификация или лишение спец. права
Статья 7.27.1. Причинение имущественного ущерба путем обмана или злоупотребления доверием,7.27,0,0.0,Конфискация,4,Конфискация
Статья 7.27.1. Причинение имущественного ущерба путем обмана или злоупотребления доверием,7.27,0,0.0,Приостановление деятельности,2,Приостановление деятельности
Статья 7.27.1. Причинение имущественного ущерба путем обмана или злоупотребления доверием,7.27,1446,1.0,Штраф,1,Штраф
Статья 14.27. Нарушение законодательства о лотереях,14.27,0,0.0,Административный арест или обязательные работы,5,Адм. арест<br> или обяз. работы
Статья 14.27. Нарушение законодательства о лотереях,14.27,0,0.0,Дисквалификация или лишение спец. права,3,Дисквалификация или лишение спец. права
Статья 14.27. Нарушение законодательства о лотереях,14.27,0,0.0,Конфискация,4,Конфискация
Статья 14.27. Нарушение законодательства о лотереях,14.27,0,0.0,Приостановление деятельности,2,Приостановление деятельности
Статья 14.27. Нарушение законодательства о лотереях,14.27,36,1.0,Штраф,1,Штраф
Статья 14.15. Нарушение правил продажи отдельных видов товаров,14.15,0,0.0,Административный арест или обязательные работы,5,Адм. арест<br> или обяз. работы
Статья 14.15. Нарушение правил продажи отдельных видов товаров,14.15,0,0.0,Дисквалификация или лишение спец. права,3,Дисквалификация или лишение спец. права
Статья 14.15. Нарушение правил продажи отдельных видов товаров,14.15,0,0.0,Конфискация,4,Конфискация
Статья 14.15. Нарушение правил продажи отдельных видов товаров,14.15,0,0.0,Приостановление деятельности,2,Приостановление деятельности
Статья 14.15. Нарушение правил продажи отдельных видов товаров,14.15,44,1.0,Штраф,1,Штраф
"Статья 7.5. Самовольная добыча янтаря, нефрита или иных полудрагоценных камней",7.05,0,0.0,Административный арест или обязательные работы,5,Адм. арест<br> или обяз. работы
"Статья 7.5. Самовольная добыча янтаря, нефрита или иных полудрагоценных камней",7.05,0,0.0,Дисквалификация или лишение спец. права,3,Дисквалификация или лишение спец. права
"Статья 7.5. Самовольная добыча янтаря, нефрита или иных полудрагоценных камней",7.05,0,0.0,Конфискация,4,Конфискация
"Статья 7.5. Самовольная добыча янтаря, нефрита или иных полудрагоценных камней",7.05,0,0.0,Приостановление деятельности,2,Приостановление деятельности
"Статья 7.5. Самовольная добыча янтаря, нефрита или иных полудрагоценных камней",7.05,73,1.0,Штраф,1,Штраф
Статья 14.13. Неправомерные действия при банкротстве,14.13,0,0.0,Административный арест или обязательные работы,5,Адм. арест<br> или обяз. работы
Статья 14.13. Неправомерные действия при банкротстве,14.13,0,0.0,Дисквалификация или лишение спец. права,3,Дисквалификация или лишение спец. права
Статья 14.13. Неправомерные действия при банкротстве,14.13,0,0.0,Конфискация,4,Конфискация
Статья 14.13. Неправомерные действия при банкротстве,14.13,0,0.0,Приостановление деятельности,2,Приостановление деятельности
Статья 14.13. Неправомерные действия при банкротстве,14.13,33,1.0,Штраф,1,Штраф
Статья 14.48. Представление недостоверных результатов исследований (испытаний),14.48,0,0.0,Административный арест или обязательные работы,5,Адм. арест<br> или обяз. работы
Статья 14.48. Представление недостоверных результатов исследований (испытаний),14.48,0,0.0,Дисквалификация или лишение спец. права,3,Дисквалификация или лишение спец. права
Статья 14.48. Представление недостоверных результатов исследований (испытаний),14.48,0,0.0,Конфискация,4,Конфискация
Статья 14.48. Представление недостоверных результатов исследований (испытаний),14.48,0,0.0,Приостановление деятельности,2,Приостановление деятельности
Статья 14.48. Представление недостоверных результатов исследований (испытаний),14.48,70,1.0,Штраф,1,Штраф
Статья 14.47. Нарушение правил выполнения работ по сертификации,14.47,0,0.0,Административный арест или обязательные работы,5,Адм. арест<br> или обяз. работы
Статья 14.47. Нарушение правил выполнения работ по сертификации,14.47,0,0.0,Дисквалификация или лишение спец. права,3,Дисквалификация или лишение спец. права
Статья 14.47. Нарушение правил выполнения работ по сертификации,14.47,0,0.0,Конфискация,4,Конфискация
Статья 14.47. Нарушение правил выполнения работ по сертификации,14.47,0,0.0,Приостановление деятельности,2,Приостановление деятельности
Статья 14.47. Нарушение правил выполнения работ по сертификации,14.47,71,1.0,Штраф,1,Штраф
"Статья 19.6. Непринятие мер по устранению причин и условий, способствовавших совершению административного правонарушения",19.06,0,0.0,Административный арест или обязательные работы,5,Адм. арест<br> или обяз. работы
"Статья 19.6. Непринятие мер по устранению причин и условий, способствовавших совершению административного правонарушения",19.06,0,0.0,Дисквалификация или лишение спец. права,3,Дисквалификация или лишение спец. права
"Статья 19.6. Непринятие мер по устранению причин и условий, способствовавших совершению административного правонарушения",19.06,0,0.0,Конфискация,4,Конфискация
"Статья 19.6. Непринятие мер по устранению причин и условий, способствовавших совершению административного правонарушения",19.06,0,0.0,Приостановление деятельности,2,Приостановление деятельности
"Статья 19.6. Непринятие мер по устранению причин и условий, способствовавших совершению административного правонарушения",19.06,4900,1.0,Штраф,1,Штраф
Статья 7.27. Мелкое хищение,7.27,49476,0.3831309627059844,Административный арест или обязательные работы,5,Адм. арест<br> или обяз. работы
Статья 7.27. Мелкое хищение,7.27,0,0.0,Дисквалификация или лишение спец. права,3,Дисквалификация или лишение спец. права
Статья 7.27. Мелкое хищение,7.27,0,0.0,Конфискация,4,Конфискация
Статья 7.27. Мелкое хищение,7.27,0,0.0,Приостановление деятельности,2,Приостановление деятельности
Статья 7.27. Мелкое хищение,7.27,79660,0.6168690372940157,Штраф,1,Штраф
Статья 15.3. Нарушение срока постановки на учет в налоговом органе,15.03,0,0.0,Административный арест или обязательные работы,5,Адм. арест<br> или обяз. работы
Статья 15.3. Нарушение срока постановки на учет в налоговом органе,15.03,0,0.0,Дисквалификация или лишение спец. права,3,Дисквалификация или лишение спец. права
Статья 15.3. Нарушение срока постановки на учет в налоговом органе,15.03,0,0.0,Конфискация,4,Конфискация
Статья 15.3. Нарушение срока постановки на учет в налоговом органе,15.03,0,0.0,Приостановление деятельности,2,Приостановление деятельности
Статья 15.3. Нарушение срока постановки на учет в налоговом органе,15.03,139,1.0,Штраф,1,Штраф
Статья 15.7. Нарушение порядка открытия счета налогоплательщику,15.07,0,0.0,Административный арест или обязательные работы,5,Адм. арест<br> или обяз. работы
Статья 15.7. Нарушение порядка открытия счета налогоплательщику,15.07,0,0.0,Дисквалификация или лишение спец. права,3,Дисквалификация или лишение спец. права
Статья 15.7. Нарушение порядка открытия счета налогоплательщику,15.07,0,0.0,Конфискация,4,Конфискация
Статья 15.7. Нарушение порядка открытия счета налогоплательщику,15.07,0,0.0,Приостановление деятельности,2,Приостановление деятельности
Статья 15.7. Нарушение порядка открытия счета налогоплательщику,15.07,26,1.0,Штраф,1,Штраф
Статья 7.17. Уничтожение или повреждение чужого имущества,7.17,0,0.0,Административный арест или обязательные работы,5,Адм. арест<br> или обяз. работы
Статья 7.17. Уничтожение или повреждение чужого имущества,7.17,0,0.0,Дисквалификация или лишение спец. права,3,Дисквалификация или лишение спец. права
Статья 7.17. Уничтожение или повреждение чужого имущества,7.17,0,0.0,Конфискация,4,Конфискация
Статья 7.17. Уничтожение или повреждение чужого имущества,7.17,0,0.0,Приостановление деятельности,2,Приостановление деятельности
Статья 7.17. Уничтожение или повреждение чужого имущества,7.17,22009,1.0,Штраф,1,Штраф
Статья 15.5. Нарушение сроков представления налоговой декларации (расчета по страховым взносам),15.05,0,0.0,Административный арест или обязательные работы,5,Адм. арест<br> или обяз. работы
Статья 15.5. Нарушение сроков представления налоговой декларации (расчета по страховым взносам),15.05,0,0.0,Дисквалификация или лишение спец. права,3,Дисквалификация или лишение спец. права
Статья 15.5. Нарушение сроков представления налоговой декларации (расчета по страховым взносам),15.05,0,0.0,Конфискация,4,Конфискация
Статья 15.5. Нарушение сроков представления налоговой декларации (расчета по страховым взносам),15.05,0,0.0,Приостановление деятельности,2,Приостановление деятельности
Статья 15.5. Нарушение сроков представления налоговой декларации (расчета по страховым взносам),15.05,90052,1.0,Штраф,1,Штраф
"Статья 15.6. Непредставление (несообщение) сведений, необходимых для осуществления налогового контроля",15.06,0,0.0,Административный арест или обязательные работы,5,Адм. арест<br> или обяз. работы
"Статья 15.6. Непредставление (несообщение) сведений, необходимых для осуществления налогового контроля",15.06,0,0.0,Дисквалификация или лишение спец. права,3,Дисквалификация или лишение спец. права
"Статья 15.6. Непредставление (несообщение) сведений, необходимых для осуществления налогового контроля",15.06,0,0.0,Конфискация,4,Конфискация
"Статья 15.6. Непредставление (несообщение) сведений, необходимых для осуществления налогового контроля",15.06,0,0.0,Приостановление деятельности,2,Приостановление деятельности
"Статья 15.6. Непредставление (несообщение) сведений, необходимых для осуществления налогового контроля",15.06,156624,1.0,Штраф,1,Штраф
